Date;Open;High;Low;Close*;Adj Close**;Volume
Dec 29, 2023;31.00;31.00;30.82;30.85;30.85;5
Dec 28, 2023;30.96;31.07;30.82;30.82;30.82;17
Dec 27, 2023;31.08;31.22;31.07;31.20;31.09;23,4
Dec 26, 2023;30.81;31.12;30.81;31.03;30.92;10,9
Dec 22, 2023;30.90;30.90;30.77;30.81;30.70;3,1
Dec 21, 2023;30.70;30.81;30.59;30.80;30.69;10,5
Dec 20, 2023;30.83;30.83;30.46;30.46;30.35;8,4
Dec 19, 2023;30.63;30.83;30.61;30.83;30.71;23,6
Dec 18, 2023;30.50;30.51;30.42;30.49;30.38;8,8
Dec 15, 2023;30.69;30.69;30.50;30.54;30.43;8,9
Dec 14, 2023;30.82;30.92;30.70;30.80;30.69;8,7
Dec 13, 2023;30.37;30.84;30.24;30.80;30.69;16,7
Dec 12, 2023;30.31;30.37;30.31;30.36;30.26;4,6
Dec 11, 2023;30.18;30.36;30.18;30.35;30.24;9
Dec 08, 2023;30.24;30.29;30.18;30.29;30.18;6,3
Dec 07, 2023;30.08;30.15;29.94;30.15;30.04;52,1
Dec 06, 2023;30.00;30.20;29.96;29.96;29.85;9,4
Dec 05, 2023;29.86;29.94;29.82;29.93;29.82;8,4
Dec 04, 2023;29.70;29.89;29.70;29.82;29.71;7,5
Dec 01, 2023;29.59;29.99;29.42;29.93;29.82;9,5
Nov 30, 2023;29.63;29.68;29.57;29.68;29.57;3,4
Nov 29, 2023;29.75;29.80;29.75;29.77;29.66;1,2
Nov 28, 2023;29.35;29.55;29.29;29.50;29.39;4
Nov 27, 2023;29.29;29.46;29.29;29.34;29.23;1,1
Nov 24, 2023;29.33;29.48;29.33;29.48;29.37;2,6
Nov 22, 2023;29.18;29.21;29.06;29.13;29.02;2,7
Nov 21, 2023;29.26;29.26;29.06;29.13;29.02;7,2
Nov 20, 2023;29.08;29.25;29.08;29.24;29.13;3,2
Nov 17, 2023;28.99;29.14;28.96;29.14;29.03;10,3
Nov 16, 2023;28.77;28.91;28.69;28.79;28.69;3,1
Nov 15, 2023;28.59;28.68;28.55;28.60;28.50;7,2
Nov 14, 2023;28.33;28.50;28.29;28.46;28.36;12,5
Nov 13, 2023;27.39;27.60;27.27;27.57;27.47;7,7
Nov 10, 2023;27.33;27.48;27.21;27.42;27.32;14,6
Nov 09, 2023;27.51;27.63;27.28;27.28;27.18;8,5
Nov 08, 2023;27.24;27.34;27.24;27.31;27.21;9,9
Nov 07, 2023;27.11;27.18;27.01;27.14;27.04;33,9
Nov 06, 2023;27.30;27.30;27.06;27.23;27.13;13,5
Nov 03, 2023;27.38;27.48;27.31;27.38;27.28;5,1
Nov 02, 2023;27.07;27.16;26.98;27.06;26.96;5,3
Nov 01, 2023;26.39;26.58;26.37;26.58;26.48;1,9
Oct 31, 2023;26.28;26.43;26.19;26.32;26.22;4,1
Oct 30, 2023;26.26;26.35;26.18;26.35;26.25;5,8
Oct 27, 2023;26.26;26.26;25.90;25.93;25.84;3,3
Oct 26, 2023;26.14;26.27;26.00;26.06;25.97;4,8
Oct 25, 2023;26.42;26.48;26.30;26.33;26.23;6,6
Oct 24, 2023;26.44;26.47;26.40;26.47;26.37;800
Oct 23, 2023;26.18;26.56;26.10;26.45;26.35;30
Oct 20, 2023;26.42;26.44;26.26;26.28;26.18;9,3
Oct 19, 2023;26.72;26.78;26.62;26.65;26.55;5,7
Oct 18, 2023;26.75;26.81;26.57;26.57;26.47;9,6
Oct 17, 2023;26.87;27.20;26.87;27.11;27.01;2,9
Oct 16, 2023;26.90;27.10;26.90;27.10;27.00;8,4
Oct 13, 2023;26.98;26.98;26.71;26.76;26.66;9,2
Oct 12, 2023;27.51;27.56;27.15;27.15;27.05;3,7
Oct 11, 2023;27.53;27.55;27.44;27.51;27.41;9,7
Oct 10, 2023;27.02;27.44;27.02;27.44;27.34;8,6
Oct 09, 2023;26.78;26.97;26.72;26.97;26.87;3
Oct 06, 2023;26.68;27.22;26.63;27.12;27.02;4,6
Oct 05, 2023;26.71;26.77;26.61;26.77;26.67;3
Oct 04, 2023;26.71;26.75;26.50;26.75;26.65;4
Oct 03, 2023;26.57;26.66;26.44;26.47;26.37;13,8
Oct 02, 2023;27.04;27.04;26.76;26.80;26.70;11,4
Sep 29, 2023;27.49;27.56;27.18;27.18;27.08;5
Sep 28, 2023;27.18;27.24;27.11;27.23;27.13;4,7
Sep 27, 2023;26.94;26.94;26.63;26.88;26.78;10,7
Sep 26, 2023;27.11;27.14;26.90;26.99;26.89;11,3
Sep 25, 2023;27.35;27.39;27.23;27.37;27.27;5,3
Sep 22, 2023;27.80;27.85;27.66;27.73;27.63;35,4
Sep 21, 2023;27.89;27.90;27.74;27.74;27.64;13,2
Sep 20, 2023;28.32;28.42;28.05;28.05;27.95;3,9
Sep 19, 2023;28.13;28.13;28.02;28.12;28.02;5,3
Sep 18, 2023;28.08;28.24;28.08;28.20;28.10;14,7
Sep 15, 2023;28.43;28.49;28.33;28.33;28.23;3,2
Sep 14, 2023;28.19;28.35;28.18;28.30;28.20;6,2
Sep 13, 2023;28.08;28.26;28.06;28.10;28.00;4,1
Sep 12, 2023;28.22;28.34;28.22;28.22;28.12;4,7
Sep 11, 2023;28.45;28.50;28.37;28.49;28.39;1,8
Sep 08, 2023;28.21;28.31;28.19;28.20;28.10;1,3
Sep 07, 2023;28.23;28.24;28.09;28.23;28.13;15,6
Sep 06, 2023;28.39;28.39;28.23;28.35;28.25;3,2
Sep 05, 2023;28.61;28.61;28.29;28.30;28.20;7,1
Sep 01, 2023;29.01;29.01;28.63;28.72;28.62;3,5
Aug 31, 2023;29.16;29.16;28.93;28.98;28.88;3,6
Aug 30, 2023;29.19;29.21;29.03;29.16;29.05;3,1
Aug 29, 2023;28.68;29.15;28.68;29.15;29.04;5,3
Aug 28, 2023;28.59;28.74;28.59;28.74;28.63;3,1
Aug 25, 2023;28.42;28.43;28.26;28.43;28.33;4,3
Aug 24, 2023;28.42;28.42;28.24;28.24;28.14;2,2
Aug 23, 2023;28.54;28.67;28.50;28.65;28.55;27,2
Aug 22, 2023;28.69;28.69;28.51;28.58;28.48;5,9
Aug 21, 2023;28.52;28.68;28.42;28.60;28.50;1,8
Aug 18, 2023;28.22;28.46;28.16;28.39;28.29;3,8
Aug 17, 2023;28.76;28.76;28.40;28.53;28.43;9,3
Aug 16, 2023;28.79;28.86;28.63;28.63;28.53;3,1
Aug 15, 2023;28.84;28.84;28.75;28.75;28.65;1
Aug 14, 2023;28.99;29.15;28.95;29.15;29.04;4,7
Aug 11, 2023;29.17;29.17;29.04;29.07;28.96;3,7
Aug 10, 2023;29.53;29.65;29.31;29.31;29.20;4,2
Aug 09, 2023;29.17;29.35;29.17;29.19;29.08;3,8
Aug 08, 2023;29.01;29.15;28.89;29.15;29.04;9,7
Aug 07, 2023;29.37;29.50;29.28;29.50;29.39;4,2
Aug 04, 2023;29.26;29.55;29.15;29.17;29.06;43,2
Aug 03, 2023;29.08;29.24;29.03;29.23;29.12;28,1
Aug 02, 2023;29.69;29.69;29.25;29.30;29.19;57,7
Aug 01, 2023;30.08;30.08;29.80;29.99;29.88;3,7
Jul 31, 2023;30.53;30.62;30.35;30.41;30.30;14,3
Jul 28, 2023;30.27;30.52;30.27;30.49;30.38;4,5
Jul 27, 2023;30.28;30.33;30.00;30.00;29.89;10,8
Jul 26, 2023;29.71;30.08;29.71;30.08;29.97;1,9
Jul 25, 2023;29.99;30.10;29.93;30.10;29.99;14,6
Jul 24, 2023;30.01;30.13;29.97;29.97;29.86;7,4
Jul 21, 2023;30.05;30.22;30.05;30.15;30.04;4,5
Jul 20, 2023;30.30;30.30;30.03;30.15;30.04;6,6
Jul 19, 2023;30.32;30.40;30.21;30.32;30.21;6
Jul 18, 2023;30.30;30.41;30.29;30.41;30.30;26,1
Jul 17, 2023;30.17;30.43;30.12;30.43;30.32;2,9
Jul 14, 2023;30.31;30.31;30.31;30.31;30.20;-
Jul 13, 2023;30.39;30.46;30.35;30.46;30.35;4,9
Jul 12, 2023;29.77;30.01;29.77;30.00;29.89;6,4
Jul 11, 2023;29.09;29.25;29.08;29.24;29.13;7,7
Jul 10, 2023;28.82;29.01;28.79;28.93;28.83;22,3
Jul 07, 2023;28.58;28.84;28.58;28.83;28.73;3,6
Jul 06, 2023;28.63;28.63;28.27;28.46;28.36;43
Jul 05, 2023;29.28;29.28;28.94;29.06;28.95;6,1
Jul 03, 2023;29.52;29.52;29.42;29.52;29.42;2,4
Jun 30, 2023;29.58;29.66;29.48;29.61;29.50;4,5
Jun 29, 2023;29.14;29.27;28.94;29.19;29.08;17,7
Jun 28, 2023;29.92;30.07;29.74;30.07;29.31;20,5
Jun 27, 2023;29.73;30.01;29.70;29.83;29.08;5,1
Jun 26, 2023;29.67;29.82;29.40;29.67;28.92;4
Jun 23, 2023;29.39;29.80;29.39;29.69;28.94;23,2
Jun 22, 2023;29.98;30.25;29.62;30.14;29.38;11
Jun 21, 2023;30.06;30.46;30.06;30.16;29.40;4,8
Jun 20, 2023;30.50;30.55;30.17;30.37;29.60;43,3
Jun 16, 2023;30.77;30.89;30.40;30.75;29.98;3,7
Jun 15, 2023;30.30;30.81;30.26;30.61;29.84;11,8
Jun 14, 2023;30.24;30.45;30.16;30.16;29.40;8,9
Jun 13, 2023;30.04;30.18;29.92;30.06;29.30;15,2
Jun 12, 2023;29.70;29.94;29.66;29.86;29.11;6,8
Jun 09, 2023;29.57;29.61;29.40;29.47;28.73;3,1
Jun 08, 2023;29.46;29.81;29.39;29.69;28.94;9,3
Jun 07, 2023;29.46;29.47;29.28;29.33;28.59;4,1
Jun 06, 2023;29.30;29.67;29.30;29.38;28.64;9,1
Jun 05, 2023;29.50;29.69;29.32;29.38;28.64;52
Jun 02, 2023;29.64;29.69;29.34;29.49;28.75;8,5
Jun 01, 2023;29.06;29.46;28.90;29.42;28.68;9
May 31, 2023;29.02;29.04;28.63;28.79;28.06;9,1
May 30, 2023;29.43;29.54;29.16;29.39;28.65;5,8
May 26, 2023;29.24;29.54;29.24;29.41;28.67;6,2
May 25, 2023;29.17;29.51;29.07;29.22;28.48;27,9
May 24, 2023;29.13;29.34;29.13;29.27;28.53;7,9
May 23, 2023;29.97;30.01;29.62;29.77;29.02;5
May 22, 2023;30.16;30.18;30.06;30.16;29.40;5,6
May 19, 2023;30.21;30.28;30.03;30.23;29.47;29,5
May 18, 2023;29.83;29.99;29.57;29.95;29.20;7,5
May 17, 2023;29.83;30.00;29.40;29.89;29.14;37
May 16, 2023;29.80;29.82;29.55;29.60;28.85;7,2
May 15, 2023;29.75;29.99;29.51;29.80;29.05;3,8
May 12, 2023;29.60;29.95;29.42;29.68;28.93;25,9
May 11, 2023;29.77;29.77;29.58;29.71;28.96;5,9
May 10, 2023;30.14;30.14;29.94;30.08;29.32;1,6
May 09, 2023;29.91;30.19;29.91;30.01;29.25;4,9
May 08, 2023;30.24;30.34;30.18;30.22;29.46;7,3
May 05, 2023;30.08;30.41;29.85;30.28;29.52;9
May 04, 2023;29.89;29.97;29.75;29.90;29.15;8,7
May 03, 2023;30.03;30.23;29.89;29.94;29.19;5,6
May 02, 2023;29.89;30.28;29.66;29.89;29.14;13,5
May 01, 2023;30.19;30.38;30.19;30.32;29.56;8,8
Apr 28, 2023;30.00;30.33;30.00;30.29;29.53;13,4
Apr 27, 2023;29.87;30.18;29.87;30.18;29.42;17,6
Apr 26, 2023;29.85;30.12;29.73;29.88;29.13;2,5
Apr 25, 2023;30.14;30.14;29.81;29.83;29.08;20,4
Apr 24, 2023;30.14;30.28;30.13;30.20;29.44;10
Apr 21, 2023;29.89;30.14;29.88;30.14;29.38;8,9
Apr 20, 2023;29.88;29.94;29.78;29.84;29.09;11
Apr 19, 2023;30.05;30.08;29.94;30.06;29.30;2,2
Apr 18, 2023;30.03;30.42;30.01;30.07;29.31;8,4
Apr 17, 2023;29.94;29.94;29.71;29.82;29.07;7,2
Apr 14, 2023;30.09;30.09;29.87;30.06;29.30;5,1
Apr 13, 2023;29.96;30.09;29.93;30.09;29.33;9,9
Apr 12, 2023;29.83;29.92;29.64;29.79;29.04;9,8
Apr 11, 2023;29.47;29.71;29.37;29.57;28.83;4,6
Apr 10, 2023;29.32;29.44;29.32;29.44;28.70;3,6
Apr 06, 2023;29.22;29.62;29.22;29.54;28.80;10,9
Apr 05, 2023;29.22;29.39;29.17;29.22;28.48;10,5
Apr 04, 2023;29.60;29.60;29.47;29.53;28.79;14,3
Apr 03, 2023;29.35;29.47;29.26;29.47;28.73;7,5
Mar 31, 2023;29.33;29.46;29.26;29.35;28.61;13,1
Mar 30, 2023;29.23;29.29;29.03;29.22;28.48;12,3
Mar 29, 2023;28.70;28.89;28.60;28.70;27.98;26,1
Mar 28, 2023;28.26;28.41;28.26;28.37;27.66;18,1
Mar 27, 2023;28.20;28.37;28.16;28.17;27.46;16,8
Mar 24, 2023;27.70;27.92;27.59;27.92;27.22;9,3
Mar 23, 2023;28.66;28.68;28.06;28.25;27.54;12,4
Mar 22, 2023;28.37;28.70;28.27;28.27;27.56;18,4
Mar 21, 2023;28.26;28.35;28.10;28.26;27.55;9,7
Mar 20, 2023;27.49;27.74;27.46;27.70;27.00;24,9
Mar 17, 2023;27.07;27.24;26.99;27.13;26.45;6,5
Mar 16, 2023;26.84;27.58;26.84;27.58;26.89;11,7
Mar 15, 2023;26.84;27.17;26.71;27.08;26.40;36
Mar 14, 2023;28.12;28.24;28.03;28.17;27.46;10,9
Mar 13, 2023;27.57;27.85;27.45;27.66;26.96;25,3
Mar 10, 2023;28.41;28.41;28.01;28.11;27.40;8,2
Mar 09, 2023;28.42;28.50;28.23;28.34;27.63;4,7
Mar 08, 2023;28.37;28.53;28.37;28.52;27.80;4,5
Mar 07, 2023;28.56;28.56;28.28;28.28;27.57;14,4
Mar 06, 2023;28.82;28.94;28.68;28.78;28.05;25,5
Mar 03, 2023;28.46;28.73;28.46;28.72;27.99;4,2
Mar 02, 2023;27.95;28.17;27.95;28.17;27.46;3,2
Mar 01, 2023;28.38;28.42;28.06;28.16;27.45;8,5
Feb 28, 2023;28.15;28.28;28.07;28.07;27.36;10,3
Feb 27, 2023;28.19;28.40;28.09;28.23;27.52;18,1
Feb 24, 2023;27.89;27.97;27.70;27.75;27.05;38,7
Feb 23, 2023;28.46;28.53;28.33;28.45;27.73;3,1
Feb 22, 2023;28.28;28.34;28.14;28.22;27.51;10,1
Feb 21, 2023;28.45;28.48;28.20;28.27;27.56;51,4
Feb 17, 2023;28.40;28.72;28.37;28.64;27.92;38,5
Feb 16, 2023;28.53;28.75;28.47;28.62;27.90;9,4
Feb 15, 2023;28.45;28.74;28.45;28.74;28.01;6,4
Feb 14, 2023;28.62;28.87;28.52;28.65;27.93;8,3
Feb 13, 2023;28.35;28.63;28.35;28.63;27.91;7,5
Feb 10, 2023;28.26;28.33;28.19;28.27;27.56;8,5
Feb 09, 2023;29.00;29.04;28.60;28.60;27.88;12,5
Feb 08, 2023;28.62;28.67;28.50;28.54;27.82;10,2
Feb 07, 2023;28.24;28.61;28.24;28.61;27.89;10,5
Feb 06, 2023;28.50;28.50;28.40;28.44;27.72;4,7
Feb 03, 2023;28.77;28.99;28.69;28.72;28.00;8,8
Feb 02, 2023;29.14;29.31;29.00;29.23;28.49;23,4
Feb 01, 2023;28.52;29.13;28.51;28.93;28.20;17,2
Jan 31, 2023;28.23;28.55;28.22;28.55;27.83;5,6
Jan 30, 2023;28.39;28.50;28.25;28.30;27.59;7,7
Jan 27, 2023;28.31;28.52;28.28;28.40;27.68;8,2
Jan 26, 2023;28.46;28.55;28.35;28.53;27.81;6,1
Jan 25, 2023;28.24;28.59;28.23;28.53;27.81;11
Jan 24, 2023;28.23;28.45;28.18;28.36;27.65;7,2
Jan 23, 2023;28.20;28.42;28.18;28.38;27.67;20,8
Jan 20, 2023;28.08;28.32;28.05;28.32;27.61;25,2
Jan 19, 2023;27.99;28.12;27.88;28.03;27.32;32,5
Jan 18, 2023;28.61;28.73;28.18;28.23;27.52;90,5
Jan 17, 2023;28.40;28.53;28.31;28.33;27.62;22,7
Jan 13, 2023;28.08;28.36;28.08;28.28;27.57;29,5
Jan 12, 2023;28.06;28.45;27.83;28.35;27.64;49,7
Jan 11, 2023;27.81;27.93;27.72;27.93;27.23;75,9
Jan 10, 2023;27.37;27.57;27.34;27.44;26.75;22,7
Jan 09, 2023;27.34;27.56;27.28;27.36;26.67;21,9
Jan 06, 2023;26.30;27.00;26.30;26.97;26.29;16,7
Jan 05, 2023;26.33;26.39;26.26;26.30;25.64;38,7
Jan 04, 2023;26.46;26.64;26.38;26.63;25.96;19,2
Jan 03, 2023;25.96;26.10;25.82;25.82;25.17;30,1
Dec 30, 2022;25.75;25.77;25.54;25.60;24.96;30,2
Dec 29, 2022;25.85;26.15;25.80;26.15;25.49;13,5
Dec 28, 2022;25.83;25.83;25.49;25.49;24.74;18,2
Dec 27, 2022;25.80;25.95;25.77;25.77;25.01;8,8
Dec 23, 2022;25.65;25.70;25.60;25.60;24.85;1,4
Dec 22, 2022;25.79;25.79;25.41;25.66;24.90;10
Dec 21, 2022;25.89;26.03;25.81;25.93;25.17;45,6
Dec 20, 2022;25.55;25.69;25.49;25.66;24.90;48,8
Dec 19, 2022;25.71;25.75;25.53;25.57;24.82;10,9
Dec 16, 2022;25.54;25.64;25.50;25.53;24.78;55,3
Dec 15, 2022;26.21;26.21;25.67;26.02;25.25;18,1
Dec 14, 2022;26.65;26.75;26.43;26.68;25.89;20,7
Dec 13, 2022;27.00;27.17;26.55;26.69;25.90;15,7
Dec 12, 2022;26.22;26.22;26.02;26.18;25.41;3,9
Dec 09, 2022;26.16;26.33;26.12;26.16;25.39;5,2
Dec 08, 2022;25.91;26.20;25.90;26.10;25.33;21,4
Dec 07, 2022;26.01;26.10;26.00;26.04;25.27;2,6
Dec 06, 2022;26.24;26.24;25.77;25.90;25.14;8,3
Dec 05, 2022;26.44;26.52;26.11;26.11;25.34;4,4
Dec 02, 2022;26.27;26.63;26.27;26.57;25.79;6,4
Dec 01, 2022;26.50;26.51;26.34;26.39;25.61;4,1
Nov 30, 2022;25.86;26.39;25.69;26.21;25.44;10,3
Nov 29, 2022;25.84;25.88;25.67;25.81;25.05;39
Nov 28, 2022;26.01;26.08;25.70;25.70;24.94;73,6
Nov 25, 2022;26.01;26.29;26.01;26.19;25.42;10,6
Nov 23, 2022;25.77;26.11;25.77;26.00;25.23;15,4
Nov 22, 2022;25.60;25.94;25.60;25.94;25.18;30,7
Nov 21, 2022;25.56;25.65;25.50;25.56;24.81;15,9
Nov 18, 2022;25.89;25.90;25.69;25.80;25.04;21,2
Nov 17, 2022;25.50;25.90;25.45;25.90;25.14;21,1
Nov 16, 2022;25.77;25.79;25.55;25.77;25.01;8
Nov 15, 2022;26.04;26.04;25.34;25.61;24.86;23,4
Nov 14, 2022;25.61;25.90;25.57;25.57;24.82;12,7
Nov 11, 2022;25.35;25.80;25.25;25.71;24.95;30,5
Nov 10, 2022;24.72;25.09;24.65;24.91;24.18;32,1
Nov 09, 2022;23.69;23.92;23.56;23.83;23.13;15
Nov 08, 2022;23.57;23.95;23.57;23.79;23.09;40,6
Nov 07, 2022;23.55;23.63;23.35;23.63;22.93;8,6
Nov 04, 2022;23.03;23.33;22.92;23.29;22.60;35,3
Nov 03, 2022;22.07;22.36;22.03;22.20;21.55;14,9
Nov 02, 2022;22.93;23.18;22.49;22.51;21.85;8
Nov 01, 2022;23.18;23.19;22.79;22.94;22.27;12,3
Oct 31, 2022;22.81;22.82;22.68;22.70;22.03;10,9
Oct 28, 2022;22.77;23.12;22.77;23.08;22.40;14,3
Oct 27, 2022;22.94;23.04;22.77;22.77;22.10;15,5
Oct 26, 2022;22.69;23.11;22.69;23.04;22.36;12,1
Oct 25, 2022;22.25;22.78;22.25;22.63;21.96;18,8
Oct 24, 2022;22.20;22.34;22.07;22.21;21.56;17,5
Oct 21, 2022;21.44;22.03;21.44;22.00;21.36;13,5
Oct 20, 2022;21.62;21.88;21.52;21.52;20.89;16,1
Oct 19, 2022;21.63;21.79;21.52;21.62;20.98;14,2
Oct 18, 2022;22.05;22.19;21.81;21.97;21.32;18,9
Oct 17, 2022;21.39;21.69;21.39;21.61;20.97;17,5
Oct 14, 2022;21.31;21.31;20.86;20.92;20.30;10,7
Oct 13, 2022;20.23;21.26;20.11;21.21;20.59;16,2
Oct 12, 2022;20.49;20.59;20.48;20.53;19.93;17,4
Oct 11, 2022;20.65;20.85;20.38;20.49;19.89;17,9
Oct 10, 2022;20.91;20.91;20.56;20.76;20.15;11,6
Oct 07, 2022;20.91;20.94;20.59;20.84;20.23;19,8
Oct 06, 2022;21.39;21.39;21.18;21.22;20.60;8,7
Oct 05, 2022;21.50;21.86;21.40;21.86;21.22;24,7
Oct 04, 2022;21.61;21.99;21.53;21.96;21.31;26,2
Oct 03, 2022;20.63;20.96;20.55;20.87;20.26;23,2
Sep 30, 2022;20.33;20.70;20.29;20.38;19.78;563,7
Sep 29, 2022;20.27;20.60;20.09;20.60;19.99;14,5
Sep 28, 2022;20.13;20.84;20.09;20.82;20.21;14,5
Sep 27, 2022;20.62;20.62;20.03;20.13;19.54;17,5
Sep 26, 2022;20.63;20.73;20.33;20.47;19.87;20
Sep 23, 2022;21.04;21.04;20.58;20.77;20.16;33,3
Sep 22, 2022;21.69;21.69;21.40;21.57;20.94;13
Sep 21, 2022;21.87;22.11;21.55;21.66;21.02;13,3
Sep 20, 2022;22.07;22.09;21.71;21.95;21.30;33,5
Sep 19, 2022;21.98;22.63;21.98;22.63;21.96;25,5
Sep 16, 2022;22.13;22.33;22.05;22.26;21.60;12,8
Sep 15, 2022;22.70;22.72;22.43;22.67;22.00;10,6
Sep 14, 2022;22.60;22.75;22.52;22.64;21.97;12,6
Sep 13, 2022;23.16;23.22;22.62;22.79;22.12;20,8
Sep 12, 2022;23.41;23.75;23.41;23.75;23.05;22,7
Sep 09, 2022;22.74;22.98;22.74;22.90;22.23;10,5
Sep 08, 2022;22.13;22.42;22.01;22.42;21.76;13,7
Sep 07, 2022;22.01;22.65;22.01;22.58;21.92;22,9
Sep 06, 2022;22.21;22.25;21.96;22.11;21.46;17,2
Sep 02, 2022;22.50;22.79;21.83;21.89;21.25;9,1
Sep 01, 2022;22.03;22.16;21.78;22.16;21.51;20,8
Aug 31, 2022;22.50;22.51;22.33;22.41;21.75;15,7
Aug 30, 2022;22.72;22.80;22.38;22.44;21.78;31
Aug 29, 2022;22.32;22.56;22.32;22.38;21.72;80,8
Aug 26, 2022;23.25;23.25;22.27;22.27;21.61;13
Aug 25, 2022;22.89;23.10;22.89;23.10;22.42;6,4
Aug 24, 2022;22.90;22.95;22.68;22.90;22.23;17,1
Aug 23, 2022;22.88;23.11;22.74;22.82;22.15;9,6
Aug 22, 2022;23.00;23.02;22.79;22.82;22.15;22,5
Aug 19, 2022;23.81;23.81;23.55;23.55;22.86;12,8
Aug 18, 2022;24.08;24.09;23.96;24.04;23.33;5,2
Aug 17, 2022;24.18;24.21;23.98;24.16;23.45;5,8
Aug 16, 2022;24.49;24.72;24.49;24.55;23.83;3,7
Aug 15, 2022;24.51;24.51;24.39;24.47;23.75;6,8
Aug 12, 2022;24.53;24.79;24.45;24.74;24.01;7
Aug 11, 2022;24.64;24.64;24.46;24.46;23.74;5,1
Aug 10, 2022;24.50;24.64;24.45;24.50;23.78;22,5
Aug 09, 2022;24.09;24.13;23.96;23.97;23.27;4,7
Aug 08, 2022;24.24;24.35;24.05;24.16;23.44;8
Aug 05, 2022;24.00;24.15;23.94;24.12;23.41;4,2
Aug 04, 2022;24.22;24.32;24.19;24.23;23.52;11,2
Aug 03, 2022;23.94;24.08;23.70;24.04;23.33;21,6
Aug 02, 2022;23.82;23.92;23.64;23.64;22.94;18,6
Aug 01, 2022;24.10;24.21;23.77;24.00;23.30;44,2
Jul 29, 2022;23.67;24.11;23.67;23.98;23.27;8
Jul 28, 2022;23.42;23.68;23.16;23.61;22.91;4,1
Jul 27, 2022;23.14;23.47;23.14;23.42;22.73;5,4
Jul 26, 2022;23.04;23.14;22.93;22.97;22.29;3,5
Jul 25, 2022;23.60;23.60;23.34;23.44;22.75;9
Jul 22, 2022;23.74;23.74;23.33;23.33;22.64;4,7
Jul 21, 2022;23.15;23.51;23.15;23.51;22.82;4,9
Jul 20, 2022;23.43;23.60;23.28;23.35;22.66;17,1
Jul 19, 2022;23.18;23.72;23.17;23.59;22.90;74,9
Jul 18, 2022;22.85;22.90;22.65;22.65;21.98;16,2
Jul 15, 2022;22.31;22.57;22.21;22.47;21.81;23,2
Jul 14, 2022;21.79;21.97;21.60;21.90;21.26;29,2
Jul 13, 2022;22.16;22.44;22.00;22.37;21.71;12,8
Jul 12, 2022;22.45;22.62;22.23;22.32;21.67;15,3
Jul 11, 2022;22.51;22.61;22.35;22.39;21.73;32,7
Jul 08, 2022;22.83;23.00;22.70;22.93;22.25;61,9
Jul 07, 2022;22.72;22.73;22.61;22.68;22.01;44,8
Jul 06, 2022;22.31;22.41;22.23;22.38;21.72;6,1
Jul 05, 2022;22.43;22.48;22.10;22.43;21.77;43
Jul 01, 2022;23.19;23.45;22.99;23.40;22.71;18,6
Jun 30, 2022;23.01;23.37;22.83;23.21;22.53;20,2
Jun 29, 2022;23.91;23.91;23.53;23.53;22.84;24,4
Jun 28, 2022;25.03;25.06;24.44;24.59;23.28;46,8
Jun 27, 2022;24.94;25.04;24.70;24.70;23.38;17,3
Jun 24, 2022;24.55;24.97;24.54;24.72;23.40;8,3
Jun 23, 2022;24.37;24.37;24.11;24.30;23.00;6,2
Jun 22, 2022;24.51;24.94;24.51;24.64;23.33;4,8
Jun 21, 2022;25.09;25.12;24.84;24.84;23.51;10,6
Jun 17, 2022;24.57;24.75;24.37;24.53;23.22;6,3
Jun 16, 2022;24.52;24.61;24.34;24.46;23.15;23,8
Jun 15, 2022;25.15;25.58;24.69;25.48;24.12;37,9
Jun 14, 2022;25.06;25.08;24.55;24.66;23.34;51,5
Jun 13, 2022;25.06;25.28;24.90;25.00;23.67;57,4
Jun 10, 2022;26.09;26.12;25.80;25.81;24.43;48,4
Jun 09, 2022;27.15;27.21;26.60;26.73;25.30;22,2
Jun 08, 2022;27.60;27.72;27.34;27.46;25.99;13
Jun 07, 2022;27.50;27.94;27.50;27.85;26.37;9,1
Jun 06, 2022;27.94;28.06;27.73;27.84;26.36;36,3
Jun 03, 2022;27.68;27.73;27.55;27.67;26.19;14,1
Jun 02, 2022;27.54;28.04;27.45;27.90;26.41;60,4
Jun 01, 2022;27.62;27.62;27.21;27.32;25.86;22,9
May 31, 2022;27.48;27.70;27.38;27.45;25.99;18
May 27, 2022;27.41;27.77;27.41;27.66;26.18;44,2
May 26, 2022;26.93;27.32;26.93;27.20;25.75;12,2
May 25, 2022;26.54;26.89;26.54;26.55;25.13;18,2
May 24, 2022;26.76;26.81;26.59;26.75;25.32;11,9
May 23, 2022;26.70;27.00;26.63;26.70;25.28;20,2
May 20, 2022;26.64;26.64;26.05;26.40;24.99;20,3
May 19, 2022;25.84;26.36;25.84;26.28;24.88;82,6
May 18, 2022;26.44;26.47;25.89;25.89;24.51;40,5
May 17, 2022;26.60;26.78;26.42;26.71;25.28;123,5
May 16, 2022;25.80;26.07;25.69;26.03;24.64;11,8
May 13, 2022;25.70;26.08;25.70;25.99;24.60;10,6
May 12, 2022;25.25;25.62;25.07;25.35;24.00;20,2
May 11, 2022;25.64;26.05;25.47;25.47;24.11;17,1
May 10, 2022;25.85;25.87;25.37;25.64;24.27;35,2
May 09, 2022;25.34;25.57;25.17;25.19;23.85;12,8
May 06, 2022;25.94;25.99;25.58;25.76;24.39;18,2
May 05, 2022;26.46;26.50;25.93;26.09;24.70;80,7
May 04, 2022;26.49;26.96;26.34;26.96;25.52;16
May 03, 2022;26.36;26.38;26.25;26.33;24.93;10,8
May 02, 2022;26.18;26.33;25.91;26.19;24.79;55,2
Apr 29, 2022;26.59;26.79;26.19;26.24;24.84;39,7
Apr 28, 2022;26.41;26.48;25.94;26.46;25.05;28,7
Apr 27, 2022;26.01;26.21;25.84;25.91;24.53;27,5
Apr 26, 2022;26.84;26.84;25.92;26.03;24.64;43,3
Apr 25, 2022;26.87;27.14;26.50;27.07;25.63;39,9
Apr 22, 2022;27.70;27.70;27.09;27.17;25.72;25,9
Apr 21, 2022;28.35;28.38;27.66;27.72;26.24;69,5
Apr 20, 2022;27.68;27.91;27.68;27.84;26.35;9,5
Apr 19, 2022;27.14;27.52;27.14;27.47;26.00;24,2
Apr 18, 2022;27.28;27.41;27.20;27.20;25.75;17,8
Apr 14, 2022;27.49;27.49;27.25;27.32;25.86;21,5
Apr 13, 2022;27.00;27.49;27.00;27.49;26.02;26,9
Apr 12, 2022;27.44;27.64;27.11;27.14;25.69;13
Apr 11, 2022;27.60;27.78;27.50;27.50;26.03;7,7
Apr 08, 2022;27.52;27.83;27.46;27.66;26.18;10,9
Apr 07, 2022;27.79;27.80;27.49;27.65;26.17;13,2
Apr 06, 2022;27.70;27.73;27.40;27.69;26.21;22
Apr 05, 2022;28.31;28.45;28.00;28.13;26.63;15,3
Apr 04, 2022;28.47;28.67;28.44;28.57;27.04;7,3
Apr 01, 2022;28.83;28.83;28.52;28.52;27.00;10,1
Mar 31, 2022;28.84;29.07;28.11;28.11;26.61;48,1
Mar 30, 2022;29.16;29.24;28.98;29.10;27.55;17,3
Mar 29, 2022;29.68;29.81;29.16;29.45;27.88;52,7
Mar 28, 2022;28.48;28.65;28.26;28.58;27.06;19,7
Mar 25, 2022;28.36;28.43;28.08;28.34;26.83;14,9
Mar 24, 2022;28.01;28.27;27.96;28.21;26.70;14,2
Mar 23, 2022;28.11;28.25;27.96;28.07;26.57;28,2
Mar 22, 2022;28.51;28.69;28.47;28.63;27.10;9,5
Mar 21, 2022;28.53;28.53;28.00;28.23;26.72;16,4
Mar 18, 2022;28.02;28.68;28.02;28.63;27.10;19,5
Mar 17, 2022;28.36;28.83;28.20;28.66;27.13;34,5
Mar 16, 2022;28.05;28.79;27.78;28.71;27.18;25,1
Mar 15, 2022;27.26;27.56;27.10;27.41;25.95;9,2
Mar 14, 2022;27.39;27.61;26.93;27.19;25.74;35,7
Mar 11, 2022;27.27;27.27;26.42;26.50;25.09;32,3
Mar 10, 2022;26.67;26.83;26.31;26.57;25.15;32,6
Mar 09, 2022;26.75;27.72;26.75;27.39;25.93;57,9
Mar 08, 2022;25.40;26.21;24.75;25.46;24.10;53,9
Mar 07, 2022;25.78;25.81;24.50;24.70;23.38;70,5
Mar 04, 2022;25.99;26.01;25.45;25.79;24.41;75,1
Mar 03, 2022;27.82;27.82;26.86;27.03;25.59;15,8
Mar 02, 2022;27.71;28.18;27.56;27.85;26.36;10,2
Mar 01, 2022;28.36;28.38;27.36;27.67;26.19;26,3
Feb 28, 2022;28.70;29.14;28.51;28.68;27.15;17,6
Feb 25, 2022;29.15;29.67;29.04;29.66;28.08;15,5
Feb 24, 2022;27.77;28.85;27.70;28.74;27.21;77,2
Feb 23, 2022;30.10;30.10;29.32;29.32;27.76;5,3
Feb 22, 2022;29.97;30.05;29.47;29.70;28.12;40,5
Feb 18, 2022;30.71;30.71;30.40;30.56;28.93;10,8
Feb 17, 2022;31.21;31.21;30.80;30.87;29.22;3,5
Feb 16, 2022;31.29;31.63;31.12;31.51;29.83;4,9
Feb 15, 2022;31.26;31.39;31.11;31.34;29.67;5,5
Feb 14, 2022;30.65;30.65;30.26;30.46;28.83;18,9
Feb 11, 2022;31.47;31.47;30.63;30.82;29.18;5,6
Feb 10, 2022;31.49;32.00;31.38;31.48;29.80;11,6
Feb 09, 2022;31.70;31.77;31.70;31.77;30.08;6,1
Feb 08, 2022;31.02;31.28;31.02;31.28;29.61;4,3
Feb 07, 2022;31.08;31.25;31.07;31.12;29.46;15,4
Feb 04, 2022;30.95;31.24;30.88;31.11;29.45;20,4
Feb 03, 2022;31.46;31.50;31.30;31.30;29.63;5,1
Feb 02, 2022;31.74;31.74;31.59;31.65;29.96;9,9
Feb 01, 2022;31.64;31.64;31.39;31.62;29.93;2,7
Jan 31, 2022;30.80;31.33;30.80;31.33;29.66;15,5
Jan 28, 2022;30.50;30.83;30.39;30.82;29.18;20,4
Jan 27, 2022;31.09;31.14;30.69;30.77;29.13;12,7
Jan 26, 2022;31.36;31.50;30.82;30.96;29.31;18,4
Jan 25, 2022;30.56;30.88;30.40;30.81;29.16;43,7
Jan 24, 2022;30.65;30.98;30.00;30.96;29.31;70,3
Jan 21, 2022;31.69;31.69;31.39;31.42;29.74;31,1
Jan 20, 2022;32.17;32.31;31.92;31.92;30.22;4,7
Jan 19, 2022;32.27;32.30;32.06;32.06;30.35;5,6
Jan 18, 2022;32.20;32.20;31.97;31.97;30.26;9,2
Jan 14, 2022;32.50;32.64;32.41;32.58;30.84;5,2
Jan 13, 2022;32.98;33.00;32.63;32.63;30.89;20
Jan 12, 2022;32.75;32.85;32.72;32.82;31.07;6,2
Jan 11, 2022;32.30;32.59;32.28;32.59;30.85;77,8
Jan 10, 2022;32.04;32.21;31.92;32.20;30.48;9,1
Jan 07, 2022;32.35;32.48;32.35;32.47;30.73;4,5
Jan 06, 2022;32.59;32.59;32.39;32.43;30.70;2,1
Jan 05, 2022;33.00;33.03;32.60;32.61;30.87;14,5
Jan 04, 2022;32.71;32.76;32.57;32.63;30.89;9,5
Jan 03, 2022;32.47;32.57;32.36;32.47;30.74;22,7
Dec 31, 2021;32.22;32.33;32.22;32.33;30.61;2,5
Dec 30, 2021;32.20;32.33;32.10;32.13;30.42;13,3
Dec 29, 2021;32.53;32.60;32.47;32.60;30.55;8,8
Dec 28, 2021;32.54;32.63;32.54;32.63;30.57;2,7
Dec 27, 2021;32.37;32.58;32.36;32.57;30.52;7,1
Dec 23, 2021;32.15;32.37;32.09;32.32;30.28;66,4
Dec 22, 2021;31.67;32.09;31.67;32.09;30.07;12,4
Dec 21, 2021;31.49;31.66;31.44;31.66;29.67;75,6
Dec 20, 2021;31.11;31.28;31.08;31.28;29.31;29,8
Dec 17, 2021;31.70;31.75;31.44;31.44;29.46;42
Dec 16, 2021;32.20;32.20;31.87;31.94;29.93;10,8
Dec 15, 2021;31.52;31.95;31.49;31.94;29.93;105,4
Dec 14, 2021;31.73;31.76;31.50;31.60;29.61;3,5
Dec 13, 2021;31.99;32.07;31.85;31.87;29.86;13,7
Dec 10, 2021;31.87;32.05;31.87;32.01;29.99;12
Dec 09, 2021;31.97;31.98;31.84;31.87;29.86;11,3
Dec 08, 2021;32.11;32.26;32.05;32.25;30.22;8,3
Dec 07, 2021;31.91;32.20;31.91;32.20;30.17;24,6
Dec 06, 2021;31.29;31.46;31.20;31.43;29.45;10,7
Dec 03, 2021;31.36;31.36;30.82;30.99;29.04;19,2
Dec 02, 2021;31.17;31.35;31.17;31.28;29.31;8,1
Dec 01, 2021;31.59;31.65;31.04;31.04;29.08;11,3
Nov 30, 2021;31.34;31.34;30.68;30.95;29.00;14,8
Nov 29, 2021;31.43;31.43;31.03;31.26;29.29;16,2
Nov 26, 2021;31.49;31.52;31.16;31.18;29.21;14,7
Nov 24, 2021;31.96;32.25;31.88;32.23;30.20;59
Nov 23, 2021;32.53;32.61;32.37;32.54;30.49;10,2
Nov 22, 2021;32.82;32.89;32.64;32.65;30.59;19
Nov 19, 2021;33.14;33.14;32.91;32.93;30.85;9,1
Nov 18, 2021;33.32;33.43;33.27;33.40;31.29;6,4
Nov 17, 2021;33.33;33.33;33.21;33.28;31.18;5
Nov 16, 2021;33.31;33.41;33.22;33.22;31.12;5,1
Nov 15, 2021;33.34;33.43;33.11;33.15;31.06;8,8
Nov 12, 2021;33.31;33.34;33.31;33.34;31.24;1,9
Nov 11, 2021;33.39;33.41;33.27;33.31;31.21;7,7
Nov 10, 2021;33.50;33.58;33.19;33.27;31.17;6,5
Nov 09, 2021;33.74;33.74;33.56;33.64;31.52;7,7
Nov 08, 2021;33.63;33.72;33.58;33.62;31.50;4,5
Nov 05, 2021;33.50;33.61;33.49;33.59;31.47;2,2
Nov 04, 2021;33.60;33.60;33.42;33.55;31.44;9
Nov 03, 2021;33.35;33.74;33.34;33.68;31.56;20,3
Nov 02, 2021;33.40;33.47;33.39;33.44;31.33;3
Nov 01, 2021;33.02;33.26;32.98;33.26;31.16;7,9
Oct 29, 2021;32.82;32.92;32.77;32.87;30.80;13,1
Oct 28, 2021;33.08;33.24;33.07;33.14;31.05;6,4
Oct 27, 2021;33.07;33.07;32.88;32.93;30.85;4,6
Oct 26, 2021;33.20;33.20;33.04;33.08;30.99;2,1
Oct 25, 2021;32.83;32.90;32.74;32.85;30.78;5,5
Oct 22, 2021;32.89;32.92;32.77;32.83;30.76;3,7
Oct 21, 2021;32.74;32.74;32.55;32.59;30.54;11,5
Oct 20, 2021;32.66;32.81;32.66;32.74;30.68;2,5
Oct 19, 2021;32.64;32.75;32.63;32.66;30.60;4,3
Oct 18, 2021;32.43;32.48;32.43;32.48;30.43;1,7
Oct 15, 2021;32.68;32.79;32.68;32.76;30.69;1,8
Oct 14, 2021;32.40;32.55;32.37;32.55;30.50;4,8
Oct 13, 2021;31.95;32.12;31.89;32.09;30.07;5,9
Oct 12, 2021;31.69;31.74;31.62;31.67;29.67;5,3
Oct 11, 2021;31.80;31.87;31.66;31.66;29.67;4
Oct 08, 2021;31.86;31.95;31.80;31.85;29.84;23,1
Oct 07, 2021;31.77;31.98;31.77;31.84;29.83;9,4
Oct 06, 2021;31.30;31.55;31.21;31.53;29.54;25,9
Oct 05, 2021;31.68;32.02;31.62;31.89;29.88;11,1
Oct 04, 2021;31.89;31.97;31.57;31.71;29.71;5,8
Oct 01, 2021;32.07;32.11;31.74;32.01;29.99;4,3
Sep 30, 2021;32.14;32.14;31.87;31.98;29.97;5,9
Sep 29, 2021;32.46;32.46;32.26;32.26;30.23;2,9
Sep 28, 2021;32.57;32.57;32.24;32.35;30.31;4,7
Sep 27, 2021;33.02;33.10;33.00;33.05;30.97;3,9
Sep 24, 2021;32.97;33.06;32.95;32.97;30.89;1,6
Sep 23, 2021;33.13;33.35;33.13;33.31;31.22;8,9
Sep 22, 2021;32.91;33.05;32.79;32.85;30.78;6,5
Sep 21, 2021;32.66;32.72;32.52;32.56;30.51;16,5
Sep 20, 2021;32.19;32.21;31.86;32.10;30.08;13,2
Sep 17, 2021;33.40;33.40;32.85;33.00;30.92;8,9
Sep 16, 2021;33.37;33.53;33.33;33.53;31.42;4,4
Sep 15, 2021;33.60;33.60;33.47;33.56;31.45;3,6
Sep 14, 2021;33.87;33.87;33.60;33.60;31.48;18,1
Sep 13, 2021;33.71;33.71;33.56;33.64;31.52;4
Sep 10, 2021;33.49;33.52;33.30;33.31;31.22;3,6
Sep 09, 2021;33.47;33.63;33.38;33.38;31.28;7,3
Sep 08, 2021;33.63;33.63;33.41;33.47;31.36;4,9
Sep 07, 2021;34.09;34.09;33.95;34.05;31.90;35
Sep 03, 2021;33.97;34.06;33.82;34.06;31.91;9,3
Sep 02, 2021;33.98;34.08;33.95;34.05;31.90;5,5
Sep 01, 2021;33.94;34.03;33.74;33.95;31.81;33
Aug 31, 2021;33.87;33.89;33.68;33.87;31.74;5,3
Aug 30, 2021;33.95;33.95;33.89;33.89;31.75;7,8
Aug 27, 2021;33.60;33.92;33.60;33.88;31.74;5,5
Aug 26, 2021;33.59;33.72;33.59;33.62;31.50;19,3
Aug 25, 2021;33.80;33.80;33.76;33.78;31.65;1,6
Aug 24, 2021;33.77;33.91;33.77;33.85;31.72;3,9
Aug 23, 2021;33.70;33.77;33.53;33.77;31.64;6,1
Aug 20, 2021;33.39;33.55;33.39;33.53;31.42;4,4
Aug 19, 2021;33.26;33.51;33.24;33.35;31.25;7,4
Aug 18, 2021;33.89;33.92;33.73;33.73;31.60;4,3
Aug 17, 2021;33.80;33.84;33.66;33.68;31.56;19,4
Aug 16, 2021;33.88;34.08;33.82;34.07;31.92;6,5
Aug 13, 2021;34.03;34.16;34.03;34.14;31.99;5
Aug 12, 2021;33.84;33.94;33.84;33.91;31.77;4,3
Aug 11, 2021;33.66;33.73;33.64;33.71;31.59;5,6
Aug 10, 2021;33.50;33.54;33.44;33.51;31.40;800
Aug 09, 2021;33.57;33.57;33.42;33.52;31.41;3,8
Aug 06, 2021;33.70;33.70;33.52;33.58;31.46;5,4
Aug 05, 2021;33.68;33.82;33.68;33.75;31.62;7,1
Aug 04, 2021;33.65;33.65;33.61;33.63;31.51;3,7
Aug 03, 2021;33.38;33.54;33.31;33.54;31.43;6,6
Aug 02, 2021;33.53;33.53;33.33;33.33;31.23;7,8
Jul 30, 2021;33.47;33.48;33.38;33.44;31.33;21,5
Jul 29, 2021;33.64;33.73;33.58;33.66;31.54;15,7
Jul 28, 2021;33.15;33.34;33.14;33.33;31.23;3
Jul 27, 2021;33.16;33.29;33.14;33.24;31.15;11,6
Jul 26, 2021;33.33;33.50;33.32;33.41;31.30;9,2
Jul 23, 2021;33.45;33.45;33.34;33.40;31.30;4,2
Jul 22, 2021;33.28;33.28;33.01;33.05;30.97;33,4
Jul 21, 2021;32.86;33.08;32.81;33.07;30.99;5,6
Jul 20, 2021;32.21;32.63;32.11;32.63;30.58;53,1
Jul 19, 2021;32.51;32.51;32.21;32.40;30.36;26,4
Jul 16, 2021;33.44;33.44;33.14;33.17;31.08;4,6
Jul 15, 2021;33.46;33.57;33.40;33.50;31.39;45
Jul 14, 2021;33.80;33.91;33.80;33.85;31.72;34,5
Jul 13, 2021;33.83;33.93;33.67;33.68;31.56;55,3
Jul 12, 2021;33.89;34.14;33.77;33.97;31.83;25,3
Jul 09, 2021;33.72;33.90;33.51;33.90;31.76;6,6
Jul 08, 2021;32.99;33.24;32.97;33.09;31.01;19,2
Jul 07, 2021;33.49;33.73;33.43;33.63;31.51;6,1
Jul 06, 2021;33.51;33.56;33.17;33.29;31.19;6,7
Jul 02, 2021;33.64;33.89;33.58;33.74;31.61;5
Jul 01, 2021;33.61;33.71;33.54;33.63;31.51;8,9
Jun 30, 2021;33.52;33.58;33.31;33.57;31.45;10,3
Jun 29, 2021;33.98;34.03;33.82;33.89;31.75;7,2
Jun 28, 2021;34.33;34.33;34.09;34.21;31.56;11
Jun 25, 2021;34.38;34.49;34.33;34.33;31.67;21,8
Jun 24, 2021;34.22;34.45;34.20;34.23;31.58;12,1
Jun 23, 2021;34.26;34.30;33.99;34.01;31.38;11,3
Jun 22, 2021;34.26;34.41;34.01;34.38;31.72;5,2
Jun 21, 2021;34.04;34.46;34.04;34.33;31.67;6,5
Jun 18, 2021;33.93;34.00;33.69;33.79;31.18;13,3
Jun 17, 2021;34.52;34.60;34.48;34.54;31.87;9,9
Jun 16, 2021;35.16;35.17;34.75;34.75;32.06;7,2
Jun 15, 2021;35.02;35.21;35.02;35.13;32.41;3,6
Jun 14, 2021;35.15;35.15;34.96;35.08;32.37;5,7
Jun 11, 2021;35.07;35.11;34.89;35.07;32.36;10,1
Jun 10, 2021;34.89;35.10;34.81;35.02;32.31;7,4
Jun 09, 2021;35.01;35.05;34.95;34.97;32.26;3,3
Jun 08, 2021;35.30;35.30;35.15;35.19;32.46;2,1
Jun 07, 2021;35.18;35.38;35.07;35.27;32.54;7,2
Jun 04, 2021;35.13;35.25;35.13;35.20;32.48;4,5
Jun 03, 2021;34.96;34.98;34.82;34.96;32.25;5,9
Jun 02, 2021;35.08;35.12;34.99;35.08;32.37;13,8
Jun 01, 2021;35.28;35.40;35.06;35.06;32.35;9,1
May 28, 2021;34.81;34.93;34.69;34.85;32.16;5,2
May 27, 2021;34.81;34.81;34.61;34.69;32.01;8,1
May 26, 2021;34.87;34.87;34.62;34.71;32.02;9,8
May 25, 2021;35.09;35.09;34.85;34.94;32.24;8,7
May 24, 2021;34.77;35.12;34.77;35.07;32.36;7
May 21, 2021;34.67;34.77;34.45;34.77;32.08;7,5
May 20, 2021;34.42;34.66;34.27;34.66;31.98;8
May 19, 2021;33.91;34.14;33.72;34.04;31.40;8,9
May 18, 2021;34.71;34.71;34.48;34.48;31.81;7,7
May 17, 2021;34.45;34.62;34.41;34.58;31.90;5,1
May 14, 2021;34.35;34.55;34.12;34.55;31.88;14,1
May 13, 2021;33.78;34.03;33.76;33.88;31.26;6
May 12, 2021;33.93;33.94;33.59;33.60;31.00;2,7
May 11, 2021;33.74;34.04;33.57;33.94;31.31;32,9
May 10, 2021;34.59;34.61;34.27;34.27;31.62;15,1
May 07, 2021;34.26;34.60;34.17;34.56;31.89;21,2
May 06, 2021;33.63;33.92;33.52;33.92;31.29;16,2
May 05, 2021;33.60;33.70;33.43;33.60;31.00;3,3
May 04, 2021;33.36;33.38;32.93;33.05;30.49;20,3
May 03, 2021;33.98;33.98;33.79;33.97;31.34;5,2
Apr 30, 2021;34.00;34.00;33.56;33.56;30.96;3,4
Apr 29, 2021;34.15;34.18;33.73;34.03;31.39;14,9
Apr 28, 2021;34.10;34.30;34.10;34.22;31.57;5,1
Apr 27, 2021;33.98;34.10;33.94;34.08;31.45;3
Apr 26, 2021;34.14;34.20;34.07;34.12;31.48;7,3
Apr 23, 2021;33.85;34.24;33.78;34.19;31.55;29,3
Apr 22, 2021;34.04;34.09;33.80;33.86;31.24;16,4
Apr 21, 2021;33.63;33.89;33.63;33.89;31.27;10,7
Apr 20, 2021;33.95;33.95;33.52;33.71;31.10;6,1
Apr 19, 2021;34.38;34.39;34.08;34.27;31.62;20,2
Apr 16, 2021;34.20;34.39;34.10;34.31;31.66;9,7
Apr 15, 2021;33.80;33.82;33.65;33.78;31.17;4,1
Apr 14, 2021;33.67;33.74;33.60;33.60;31.00;1,2
Apr 13, 2021;33.50;33.72;33.50;33.67;31.07;11
Apr 12, 2021;33.69;33.69;33.40;33.51;30.92;14,2
Apr 09, 2021;33.30;33.60;33.30;33.53;30.94;9,5
Apr 08, 2021;33.33;33.44;33.33;33.42;30.83;3,4
Apr 07, 2021;33.30;33.50;33.20;33.33;30.75;3,9
Apr 06, 2021;33.31;33.40;33.10;33.39;30.81;10,8
Apr 05, 2021;33.10;33.65;33.10;33.64;31.04;13,3
Apr 01, 2021;32.67;32.99;32.67;32.93;30.38;7,8
Mar 31, 2021;32.50;32.60;32.49;32.55;30.03;8,3
Mar 30, 2021;32.38;32.58;32.38;32.46;29.95;37,7
Mar 29, 2021;32.32;32.33;32.23;32.29;29.79;7
Mar 26, 2021;32.02;32.30;32.02;32.22;29.72;8,7
Mar 25, 2021;31.52;31.88;31.52;31.88;29.42;3,2
Mar 24, 2021;31.80;31.91;31.74;31.91;29.44;5,8
Mar 23, 2021;32.13;32.42;31.98;31.99;29.51;7,2
Mar 22, 2021;32.35;32.50;32.17;32.35;29.85;10
Mar 19, 2021;32.07;32.29;31.93;32.21;29.72;3,5
Mar 18, 2021;32.41;32.67;32.37;32.40;29.89;6,4
Mar 17, 2021;31.94;32.42;31.85;32.42;29.92;4,7
Mar 16, 2021;31.99;32.21;31.89;32.04;29.57;2,9
Mar 15, 2021;32.05;32.08;31.76;31.84;29.38;5,6
Mar 12, 2021;31.92;32.24;31.92;32.23;29.74;11,5
Mar 11, 2021;32.20;32.33;32.03;32.33;29.83;5,7
Mar 10, 2021;31.93;32.06;31.84;32.00;29.52;24,2
Mar 09, 2021;31.63;31.84;31.63;31.78;29.33;9,5
Mar 08, 2021;31.00;31.62;31.00;31.45;29.02;9,8
Mar 05, 2021;30.90;30.90;30.60;30.80;28.42;3,2
Mar 04, 2021;31.29;31.35;30.80;30.98;28.58;4,4
Mar 03, 2021;31.25;31.48;31.24;31.35;28.93;4,2
Mar 02, 2021;31.34;31.44;31.33;31.35;28.93;3,3
Mar 01, 2021;30.94;31.33;30.94;31.30;28.88;9,1
Feb 26, 2021;30.95;31.04;30.78;30.78;28.40;5,2
Feb 25, 2021;31.52;31.54;31.05;31.06;28.66;6,6
Feb 24, 2021;31.27;31.52;31.11;31.52;29.08;3,1
Feb 23, 2021;30.96;31.40;30.90;31.26;28.84;15
Feb 22, 2021;31.10;31.37;30.97;31.25;28.83;5,3
Feb 19, 2021;31.39;31.54;31.21;31.30;28.88;4,4
Feb 18, 2021;31.00;31.23;30.98;31.07;28.67;6,8
Feb 17, 2021;31.15;31.30;30.95;31.15;28.74;5,4
Feb 16, 2021;31.63;31.63;31.31;31.56;29.12;8,1
Feb 12, 2021;31.38;31.54;31.29;31.54;29.10;7,9
Feb 11, 2021;31.50;31.64;31.40;31.42;28.98;1,7
Feb 10, 2021;31.39;31.47;31.21;31.29;28.87;4,1
Feb 09, 2021;31.36;31.44;31.24;31.36;28.93;2,8
Feb 08, 2021;31.39;31.48;31.12;31.35;28.93;13,5
Feb 05, 2021;31.16;31.39;31.05;31.39;28.96;31,2
Feb 04, 2021;31.05;31.08;30.95;31.02;28.63;5,9
Feb 03, 2021;30.96;31.15;30.66;31.08;28.68;5,8
Feb 02, 2021;30.72;30.97;30.56;30.89;28.50;8,6
Feb 01, 2021;30.43;30.57;30.31;30.56;28.20;8,4
Jan 29, 2021;30.52;30.52;29.82;30.07;27.75;5,7
Jan 28, 2021;30.42;30.90;30.31;30.66;28.29;12,5
Jan 27, 2021;30.51;30.71;30.07;30.39;28.04;17,9
Jan 26, 2021;31.25;31.26;31.03;31.23;28.81;13,4
Jan 25, 2021;30.93;30.93;30.34;30.92;28.53;17,6
Jan 22, 2021;31.24;31.30;31.12;31.27;28.86;9,6
Jan 21, 2021;31.39;31.45;31.17;31.34;28.92;19,5
Jan 20, 2021;31.23;31.33;31.08;31.23;28.81;4,7
Jan 19, 2021;31.25;31.25;30.95;31.13;28.72;2,7
Jan 15, 2021;31.10;31.10;30.73;30.73;28.36;31,9
Jan 14, 2021;31.38;31.67;31.30;31.48;29.04;9,7
Jan 13, 2021;31.46;31.60;31.18;31.38;28.95;10,7
Jan 12, 2021;31.43;31.54;31.22;31.48;29.04;16,6
Jan 11, 2021;31.18;31.50;31.00;31.31;28.89;5,6
Jan 08, 2021;31.97;32.03;31.65;31.88;29.41;16,7
Jan 07, 2021;31.74;31.89;31.59;31.81;29.35;16,7
Jan 06, 2021;31.33;31.75;31.33;31.62;29.17;6,2
Jan 05, 2021;30.98;31.19;30.85;31.16;28.75;5,8
Jan 04, 2021;31.60;31.60;31.00;31.00;28.60;8,6
Dec 31, 2020;31.08;31.08;30.63;30.80;28.41;20,1
Dec 30, 2020;31.23;31.31;31.04;31.13;28.72;6,7
Dec 29, 2020;31.82;31.89;31.49;31.56;28.75;11,2
Dec 28, 2020;31.50;31.72;31.50;31.72;28.90;6,7
Dec 24, 2020;31.09;31.17;30.89;30.89;28.14;5,5
Dec 23, 2020;30.92;31.18;30.73;31.09;28.32;10,7
Dec 22, 2020;30.59;30.67;30.48;30.58;27.86;5,8
Dec 21, 2020;30.19;30.76;30.12;30.65;27.92;14,3
Dec 18, 2020;31.58;31.58;31.22;31.27;28.49;14,7
Dec 17, 2020;31.31;31.50;31.31;31.50;28.69;15,8
Dec 16, 2020;31.00;31.13;30.85;31.06;28.29;30,6
Dec 15, 2020;30.49;30.68;30.38;30.59;27.87;15,1
Dec 14, 2020;30.26;30.26;30.08;30.14;27.46;3,4
Dec 11, 2020;29.94;29.94;29.68;29.84;27.18;10,5
Dec 10, 2020;30.23;30.36;30.09;30.35;27.65;12,6
Dec 09, 2020;30.46;30.46;30.13;30.13;27.44;7,2
Dec 08, 2020;30.20;30.25;30.15;30.15;27.47;7,5
Dec 07, 2020;30.19;30.26;30.13;30.20;27.51;5,3
Dec 04, 2020;30.23;30.32;30.21;30.21;27.52;3,9
Dec 03, 2020;30.28;30.35;30.15;30.15;27.47;3,9
Dec 02, 2020;30.13;30.21;30.00;30.19;27.51;4,5
Dec 01, 2020;30.30;30.30;30.09;30.22;27.53;4,9
Nov 30, 2020;30.24;30.24;29.69;29.69;27.04;4,7
Nov 27, 2020;29.86;29.97;29.86;29.93;27.26;2,3
Nov 25, 2020;29.62;29.73;29.40;29.65;27.01;5,1
Nov 24, 2020;29.46;29.78;29.35;29.78;27.13;8,4
Nov 23, 2020;29.30;29.47;29.10;29.10;26.51;6,2
Nov 20, 2020;29.07;29.29;29.01;29.14;26.55;3,3
Nov 19, 2020;28.95;29.17;28.77;29.15;26.55;5,3
Nov 18, 2020;29.27;29.30;29.12;29.25;26.65;10,7
Nov 17, 2020;29.16;29.28;29.10;29.17;26.58;2,3
Nov 16, 2020;29.27;29.29;28.99;29.15;26.56;8,2
Nov 13, 2020;28.95;29.16;28.86;29.11;26.52;2,3
Nov 12, 2020;28.80;29.11;28.64;28.69;26.14;4,5
Nov 11, 2020;29.02;29.19;28.95;29.13;26.54;12,3
Nov 10, 2020;29.06;29.30;28.99;29.20;26.60;10,6
Nov 09, 2020;29.46;29.46;28.78;28.85;26.28;16
Nov 06, 2020;27.80;27.90;27.77;27.81;25.33;4,4
Nov 05, 2020;27.76;27.89;27.57;27.80;25.32;63,5
Nov 04, 2020;26.86;27.23;26.60;27.04;24.63;20,5
Nov 03, 2020;26.21;26.82;26.15;26.70;24.32;36,6
Nov 02, 2020;25.59;25.86;25.55;25.76;23.47;44,1
Oct 30, 2020;25.44;25.47;25.13;25.47;23.20;51,6
Oct 29, 2020;25.41;25.64;25.17;25.59;23.31;28,9
Oct 28, 2020;25.64;25.74;25.24;25.39;23.13;45,8
Oct 27, 2020;26.96;27.01;26.56;26.68;24.30;8,5
Oct 26, 2020;27.19;27.31;26.87;26.92;24.52;12,9
Oct 23, 2020;28.11;28.24;28.00;28.24;25.73;2
Oct 22, 2020;27.87;27.88;27.59;27.88;25.40;4,8
Oct 21, 2020;28.09;28.09;27.90;27.95;25.46;3,2
Oct 20, 2020;28.33;28.33;28.19;28.19;25.68;600
Oct 19, 2020;28.36;28.51;27.94;27.98;25.48;9,6
Oct 16, 2020;28.36;28.53;28.33;28.53;25.99;2,8
Oct 15, 2020;27.83;28.06;27.58;28.03;25.53;8,3
Oct 14, 2020;28.61;28.70;28.61;28.65;26.10;2,7
Oct 13, 2020;28.76;28.76;28.46;28.56;26.02;6,4
Oct 12, 2020;28.99;29.17;28.89;29.17;26.58;2,5
Oct 09, 2020;28.86;28.96;28.78;28.92;26.35;8
Oct 08, 2020;28.80;28.96;28.69;28.82;26.25;3,3
Oct 07, 2020;28.42;28.61;28.35;28.61;26.06;4,2
Oct 06, 2020;28.69;28.69;28.23;28.27;25.76;1,1
Oct 05, 2020;28.33;28.55;28.32;28.39;25.86;2,7
Oct 02, 2020;27.46;27.98;27.46;27.98;25.49;4
Oct 01, 2020;28.15;28.15;27.91;28.06;25.56;5,2
Sep 30, 2020;28.07;28.22;28.07;28.13;25.62;1,7
Sep 29, 2020;28.22;28.30;28.06;28.30;25.78;6,1
Sep 28, 2020;28.14;28.23;28.02;28.23;25.72;10,8
Sep 25, 2020;27.12;27.45;27.01;27.45;25.01;5,3
Sep 24, 2020;27.40;27.65;27.33;27.50;25.05;29
Sep 23, 2020;27.86;27.86;27.44;27.44;25.00;4
Sep 22, 2020;27.86;28.03;27.59;27.93;25.45;5,3
Sep 21, 2020;28.23;28.23;27.50;27.80;25.32;47,7
Sep 18, 2020;29.33;29.44;29.09;29.10;26.51;41,5
Sep 17, 2020;28.98;29.37;28.98;29.31;26.70;7,8
Sep 16, 2020;29.42;29.45;29.28;29.33;26.72;3,7
Sep 15, 2020;29.57;29.57;28.92;28.92;26.34;7,6
Sep 14, 2020;29.48;29.48;29.30;29.33;26.72;9,8
Sep 11, 2020;29.22;29.35;29.22;29.28;26.67;2,5
Sep 10, 2020;29.65;29.65;29.07;29.07;26.48;5,2
Sep 09, 2020;29.06;29.48;29.06;29.41;26.79;1,6
Sep 08, 2020;28.55;28.86;28.35;28.58;26.04;24,4
Sep 04, 2020;29.14;29.14;28.15;28.84;26.28;58,6
Sep 03, 2020;29.72;29.72;28.67;28.80;26.24;14
Sep 02, 2020;29.27;29.64;29.04;29.64;27.00;38,4
Sep 01, 2020;29.03;29.03;28.89;28.95;26.37;21,2
Aug 31, 2020;29.22;29.27;28.93;29.27;26.66;5,8
Aug 28, 2020;29.09;29.23;29.06;29.13;26.53;6,1
Aug 27, 2020;29.40;29.40;28.90;28.99;26.40;4,4
Aug 26, 2020;29.15;29.40;29.10;29.40;26.78;10,3
Aug 25, 2020;29.28;29.28;28.93;28.98;26.39;6,3
Aug 24, 2020;28.89;28.96;28.82;28.88;26.31;7,8
Aug 21, 2020;28.12;28.28;28.00;28.28;25.77;3,8
Aug 20, 2020;28.27;28.66;28.25;28.65;26.10;17,6
Aug 19, 2020;29.08;29.08;28.79;28.85;26.29;11,9
Aug 18, 2020;29.10;29.16;28.72;28.91;26.34;24
Aug 17, 2020;28.68;28.99;28.68;28.77;26.21;9,8
Aug 14, 2020;28.47;28.66;28.24;28.46;25.93;15,8
Aug 13, 2020;28.96;29.05;28.65;28.73;26.17;12,5
Aug 12, 2020;28.76;28.97;28.72;28.90;26.32;12,2
Aug 11, 2020;28.53;28.57;28.19;28.22;25.71;10,8
Aug 10, 2020;28.01;28.04;27.90;28.03;25.53;4,9
Aug 07, 2020;27.93;28.03;27.81;28.01;25.52;3,2
Aug 06, 2020;28.00;28.16;27.99;28.13;25.62;4,8
Aug 05, 2020;28.05;28.23;28.00;28.07;25.57;7,9
Aug 04, 2020;27.67;27.88;27.67;27.88;25.39;11,1
Aug 03, 2020;27.74;27.89;27.55;27.80;25.32;10
Jul 31, 2020;27.63;27.66;26.95;27.11;24.70;71,1
Jul 30, 2020;27.47;27.76;27.14;27.72;25.25;45,2
Jul 29, 2020;28.42;28.48;28.21;28.39;25.86;20
Jul 28, 2020;28.28;28.44;27.95;28.15;25.64;108,5
Jul 27, 2020;28.17;28.57;28.17;28.27;25.75;27,2
Jul 24, 2020;27.93;28.04;27.85;28.00;25.50;18,9
Jul 23, 2020;28.53;28.60;28.12;28.20;25.69;147,7
Jul 22, 2020;28.56;28.60;28.46;28.54;26.00;21
Jul 21, 2020;28.43;28.57;28.29;28.33;25.80;45,5
Jul 20, 2020;27.92;28.14;27.68;28.12;25.62;24,8
Jul 17, 2020;27.72;27.83;27.67;27.82;25.34;24,3
Jul 16, 2020;27.62;27.82;27.50;27.59;25.13;307
Jul 15, 2020;27.69;27.99;27.43;27.66;25.20;6,5
Jul 14, 2020;26.75;27.24;26.72;27.24;24.81;8,4
Jul 13, 2020;27.20;27.43;26.78;26.78;24.40;15
Jul 10, 2020;26.77;26.94;26.77;26.86;24.47;4,1
Jul 09, 2020;27.01;27.01;26.40;26.61;24.24;4,6
Jul 08, 2020;26.56;26.71;26.50;26.63;24.25;19,7
Jul 07, 2020;26.76;26.80;26.55;26.56;24.19;8,8
Jul 06, 2020;27.11;27.11;26.75;26.98;24.58;9,4
Jul 02, 2020;26.62;26.70;26.49;26.49;24.13;8
Jul 01, 2020;25.97;26.09;25.90;25.94;23.63;14,4
Jun 30, 2020;25.85;26.09;25.85;26.08;23.76;1,8
Jun 29, 2020;25.60;25.83;25.60;25.83;23.53;1
Jun 26, 2020;26.13;26.13;25.67;25.70;23.15;5,4
Jun 25, 2020;25.68;26.43;25.54;26.43;23.80;5,7
Jun 24, 2020;26.28;26.33;25.56;25.97;23.39;8,7
Jun 23, 2020;26.84;26.98;26.56;26.68;24.03;5,6
Jun 22, 2020;26.04;26.35;26.04;26.24;23.63;6,6
Jun 19, 2020;26.34;26.62;25.75;25.86;23.29;20,6
Jun 18, 2020;26.00;26.29;25.99;26.10;23.51;3,8
Jun 17, 2020;26.55;26.62;26.15;26.23;23.62;3,2
Jun 16, 2020;26.48;26.64;26.11;26.41;23.78;8,4
Jun 15, 2020;25.28;25.94;25.05;25.92;23.34;8,9
Jun 12, 2020;26.04;26.11;25.11;25.57;23.03;36,1
Jun 11, 2020;26.11;26.30;25.20;25.32;22.80;72,2
Jun 10, 2020;27.11;27.38;26.88;27.08;24.38;37,3
Jun 09, 2020;27.12;27.41;26.92;27.16;24.46;42,3
Jun 08, 2020;27.55;27.80;27.27;27.64;24.89;25,7
Jun 05, 2020;27.33;27.77;27.19;27.32;24.60;30,2
Jun 04, 2020;26.62;26.89;26.50;26.72;24.06;38,3
Jun 03, 2020;26.33;26.92;26.26;26.72;24.06;40,9
Jun 02, 2020;25.52;25.75;25.32;25.62;23.07;27,3
Jun 01, 2020;24.86;25.31;24.83;25.30;22.78;5,5
May 29, 2020;24.32;24.63;24.20;24.63;22.18;3
May 28, 2020;24.71;24.96;24.58;24.65;22.20;8
May 27, 2020;24.37;24.59;24.18;24.45;22.02;18,2
May 26, 2020;24.08;24.22;23.76;23.88;21.50;6,9
May 22, 2020;22.99;23.13;22.91;23.05;20.76;1
May 21, 2020;23.35;23.41;22.99;22.99;20.70;4,1
May 20, 2020;23.15;23.38;23.06;23.33;21.01;5,2
May 19, 2020;22.97;23.00;22.82;22.90;20.62;5,2
May 18, 2020;22.51;23.11;22.50;23.11;20.81;9,6
May 15, 2020;21.54;21.58;21.41;21.41;19.28;2
May 14, 2020;21.07;21.39;20.74;21.39;19.26;5,3
May 13, 2020;22.01;22.06;21.38;21.53;19.39;8,5
May 12, 2020;22.40;22.45;22.00;22.10;19.90;1,8
May 11, 2020;22.30;22.53;22.08;22.35;20.13;23,8
May 08, 2020;22.27;22.61;22.27;22.57;20.32;3,6
May 07, 2020;22.09;22.11;22.00;22.05;19.85;4,4
May 06, 2020;22.17;22.17;21.65;21.76;19.59;7,3
May 05, 2020;22.14;22.28;22.00;22.07;19.88;24,2
May 04, 2020;21.89;22.09;21.59;22.09;19.89;9,5
May 01, 2020;22.24;22.43;22.02;22.10;19.90;28,8
Apr 30, 2020;22.68;22.77;22.30;22.73;20.47;10,8
Apr 29, 2020;22.78;23.18;22.62;22.95;20.67;24,2
Apr 28, 2020;22.58;22.64;22.12;22.18;19.98;36,8
Apr 27, 2020;21.85;22.07;21.80;22.07;19.87;27,5
Apr 24, 2020;21.31;21.50;21.23;21.42;19.29;2,4
Apr 23, 2020;21.36;21.86;21.24;21.32;19.20;19,2
Apr 22, 2020;21.56;21.63;21.39;21.53;19.39;4,9
Apr 21, 2020;21.46;21.69;21.11;21.31;19.19;18,8
Apr 20, 2020;21.80;22.27;21.80;21.89;19.71;19,4
Apr 17, 2020;22.08;22.17;21.80;22.16;19.96;22,5
Apr 16, 2020;21.55;21.55;21.11;21.29;19.17;5,3
Apr 15, 2020;21.52;21.65;21.27;21.46;19.33;17
Apr 14, 2020;22.40;22.61;22.20;22.43;20.20;13,7
Apr 13, 2020;22.45;22.45;21.58;21.73;19.57;15
Apr 09, 2020;22.01;22.32;21.67;22.21;20.00;10,5
Apr 08, 2020;21.47;21.57;21.06;21.52;19.38;21,1
Apr 07, 2020;21.87;21.87;21.28;21.29;19.17;72,1
Apr 06, 2020;20.60;21.00;20.57;20.94;18.86;15,2
Apr 03, 2020;19.74;19.74;19.40;19.60;17.65;169
Apr 02, 2020;20.10;20.10;19.50;19.77;17.80;2,3
Apr 01, 2020;19.77;20.14;19.53;19.60;17.65;7,6
Mar 31, 2020;20.74;20.77;20.34;20.59;18.55;18,4
Mar 30, 2020;20.17;20.76;20.11;20.63;18.57;19
Mar 27, 2020;20.25;20.66;20.00;20.50;18.46;11,2
Mar 26, 2020;20.42;21.02;20.34;21.02;18.93;22,5
Mar 25, 2020;19.98;20.67;19.74;20.40;18.37;14,7
Mar 24, 2020;19.27;19.98;19.19;19.74;17.78;19,2
Mar 23, 2020;18.09;18.37;17.65;18.00;16.21;13
Mar 20, 2020;18.08;18.48;17.62;17.64;15.88;12,3
Mar 19, 2020;17.26;17.81;17.09;17.61;15.86;14,8
Mar 18, 2020;17.67;17.95;17.00;17.39;15.66;80,8
Mar 17, 2020;18.25;19.09;17.97;18.79;16.93;26,1
Mar 16, 2020;17.96;19.13;17.87;18.29;16.47;81,8
Mar 13, 2020;20.74;20.74;19.29;20.30;18.28;21,5
Mar 12, 2020;20.39;21.55;19.26;19.66;17.71;31,9
Mar 11, 2020;22.76;22.78;21.95;22.17;19.97;27
Mar 10, 2020;23.51;23.57;22.55;23.30;20.98;12,4
Mar 09, 2020;22.98;23.48;22.69;22.69;20.43;23,2
Mar 06, 2020;24.80;24.90;24.57;24.82;22.35;4,1
Mar 05, 2020;25.27;25.38;25.01;25.15;22.65;5,1
Mar 04, 2020;25.57;25.72;25.46;25.72;23.16;1,1
Mar 03, 2020;25.72;25.75;25.00;25.09;22.60;4,9
Mar 02, 2020;25.09;25.42;24.91;25.36;22.84;3,6
Feb 28, 2020;24.51;25.00;24.47;24.95;22.47;6,4
Feb 27, 2020;25.62;26.00;25.21;25.21;22.70;10,7
Feb 26, 2020;26.26;26.46;26.10;26.17;23.57;3,3
Feb 25, 2020;26.80;26.80;26.12;26.15;23.55;16,9
Feb 24, 2020;26.80;26.87;26.21;26.82;24.15;4,9
Feb 21, 2020;27.94;27.94;27.84;27.92;25.14;900
Feb 20, 2020;28.30;28.30;27.94;27.94;25.16;1,8
Feb 19, 2020;28.12;28.25;28.12;28.24;25.43;1,3
Feb 18, 2020;28.11;28.20;28.06;28.06;25.27;2,5
Feb 14, 2020;28.40;28.40;28.26;28.26;25.45;2,6
Feb 13, 2020;28.46;28.46;28.27;28.27;25.46;800
Feb 12, 2020;28.36;28.56;28.25;28.45;25.63;4,9
Feb 11, 2020;28.16;28.25;28.16;28.25;25.45;2,7
Feb 10, 2020;27.82;28.02;27.82;27.98;25.19;12,7
Feb 07, 2020;28.04;28.04;27.90;27.95;25.17;700
Feb 06, 2020;28.39;28.39;28.24;28.24;25.43;1,3
Feb 05, 2020;28.12;28.17;28.12;28.17;25.37;200
Feb 04, 2020;27.86;27.93;27.75;27.82;25.05;1,1
Feb 03, 2020;27.23;27.40;27.23;27.39;24.66;2,1
Jan 31, 2020;27.38;27.38;27.10;27.10;24.41;16,9
Jan 30, 2020;27.56;27.70;27.50;27.70;24.95;2,2
Jan 29, 2020;27.94;27.94;27.72;27.85;25.09;3,8
Jan 28, 2020;27.63;27.88;27.62;27.88;25.11;1,8
Jan 27, 2020;27.63;27.84;27.50;27.71;24.95;7,3
Jan 24, 2020;28.56;28.65;28.23;28.31;25.50;4,9
Jan 23, 2020;28.20;28.28;28.03;28.27;25.46;1,9
Jan 22, 2020;28.40;28.47;28.40;28.47;25.63;8,2
Jan 21, 2020;28.48;28.51;28.48;28.48;25.65;3,6
Jan 17, 2020;28.56;28.57;28.32;28.32;25.50;5,4
Jan 16, 2020;28.49;28.49;28.38;28.46;25.63;7,6
Jan 15, 2020;28.45;28.50;28.32;28.38;25.56;18,8
Jan 14, 2020;28.34;28.48;28.34;28.36;25.54;400
Jan 13, 2020;28.24;28.53;28.23;28.45;25.62;2,5
Jan 10, 2020;28.52;28.52;28.50;28.50;25.67;800
Jan 09, 2020;28.43;28.51;28.36;28.45;25.62;5,7
Jan 08, 2020;28.16;28.26;28.16;28.26;25.45;1,7
Jan 07, 2020;28.04;28.07;27.95;27.95;25.18;600
Jan 06, 2020;27.80;28.00;27.80;28.00;25.22;600
Jan 03, 2020;27.98;28.11;27.97;27.99;25.21;2,7
Jan 02, 2020;28.54;28.66;28.41;28.50;25.67;1,5
Dec 31, 2019;27.86;28.10;27.77;28.10;25.31;6,3
Dec 30, 2019;28.04;28.04;27.70;27.70;24.95;4,4
Dec 27, 2019;28.26;28.30;28.14;28.14;25.34;2,9
Dec 26, 2019;27.98;28.19;27.98;28.06;25.26;175,9
Dec 24, 2019;27.99;27.99;27.99;27.99;25.20;-
Dec 23, 2019;27.92;27.99;27.92;27.99;25.20;4,6
Dec 20, 2019;28.00;28.00;27.90;27.95;25.17;2,6
Dec 19, 2019;27.81;27.83;27.81;27.83;25.06;200
Dec 18, 2019;27.98;28.01;27.97;27.99;25.20;800
Dec 17, 2019;28.21;28.32;28.09;28.19;25.39;4,7
Dec 16, 2019;28.40;28.50;28.34;28.38;25.56;4,2
Dec 13, 2019;28.10;28.29;28.10;28.22;25.41;6,2
Dec 12, 2019;27.90;28.07;27.90;28.03;25.24;1,1
Dec 11, 2019;27.65;27.76;27.60;27.76;25.00;5,8
Dec 10, 2019;27.48;27.53;27.26;27.53;24.79;3
Dec 09, 2019;27.68;27.68;27.55;27.55;24.81;1,7
Dec 06, 2019;27.66;27.69;27.52;27.69;24.93;1,2
Dec 05, 2019;27.66;27.66;27.61;27.61;24.86;900
Dec 04, 2019;27.70;27.80;27.69;27.69;24.93;2,1
Dec 03, 2019;27.41;27.46;27.41;27.46;24.73;500
Dec 02, 2019;27.52;27.52;27.23;27.33;24.61;1,7
Nov 29, 2019;27.76;27.76;27.70;27.70;24.94;100
Nov 27, 2019;27.72;27.82;27.72;27.78;25.02;1,4
Nov 26, 2019;27.76;27.79;27.65;27.75;24.99;2,2
Nov 25, 2019;27.63;27.82;27.63;27.69;24.93;3,8
Nov 22, 2019;27.76;27.76;27.64;27.66;24.90;1,3
Nov 21, 2019;27.60;27.68;27.60;27.68;24.93;200
Nov 20, 2019;27.60;27.80;27.58;27.68;24.93;2,2
Nov 19, 2019;27.89;27.89;27.86;27.86;25.09;3,1
Nov 18, 2019;27.73;27.81;27.70;27.81;25.04;2,9
Nov 15, 2019;27.79;27.86;27.79;27.86;25.09;1,1
Nov 14, 2019;27.62;27.74;27.53;27.66;24.90;3,1
Nov 13, 2019;27.73;27.73;27.73;27.73;24.97;1,8
Nov 12, 2019;27.79;27.80;27.75;27.75;24.99;1,6
Nov 11, 2019;27.60;27.60;27.54;27.56;24.82;1,4
Nov 08, 2019;27.77;27.82;27.60;27.81;25.04;6,5
Nov 07, 2019;27.94;28.02;27.90;27.96;25.18;7,3
Nov 06, 2019;27.71;27.81;27.71;27.81;25.04;400
Nov 05, 2019;27.74;27.75;27.52;27.75;24.99;6,5
Nov 04, 2019;27.92;28.03;27.72;27.72;24.96;6,6
Nov 01, 2019;27.47;27.64;27.44;27.64;24.89;3,5
Oct 31, 2019;27.35;27.35;27.35;27.35;24.63;100
Oct 30, 2019;27.26;27.35;27.26;27.35;24.63;1,4
Oct 29, 2019;27.10;27.26;27.10;27.26;24.55;1,8
Oct 28, 2019;27.26;27.46;27.26;27.35;24.63;3,4
Oct 25, 2019;27.13;27.13;27.13;27.13;24.43;300
Oct 24, 2019;27.14;27.20;27.13;27.13;24.43;800
Oct 23, 2019;27.14;27.14;27.14;27.14;24.44;300
Oct 22, 2019;27.01;27.03;26.82;26.82;24.15;900
Oct 21, 2019;27.08;27.16;27.08;27.11;24.41;3,9
Oct 18, 2019;26.75;26.85;26.66;26.85;24.18;1,4
Oct 17, 2019;26.84;26.90;26.84;26.90;24.22;500
Oct 16, 2019;26.50;26.60;26.48;26.60;23.95;1,1
Oct 15, 2019;26.20;26.59;26.20;26.48;23.84;3
Oct 14, 2019;26.24;26.24;26.24;26.24;23.63;800
Oct 11, 2019;26.06;26.31;26.06;26.10;23.50;4,8
Oct 10, 2019;25.26;25.41;25.26;25.41;22.88;500
Oct 09, 2019;25.21;25.21;25.21;25.21;22.70;100
Oct 08, 2019;25.07;25.07;24.92;24.96;22.48;2,3
Oct 07, 2019;25.11;25.11;25.11;25.11;22.61;700
Oct 04, 2019;25.03;25.03;24.93;24.93;22.45;1,6
Oct 03, 2019;24.68;25.20;24.68;25.20;22.69;1,2
Oct 02, 2019;25.15;25.15;24.83;24.89;22.41;6,4
Oct 01, 2019;25.67;25.74;25.67;25.74;23.18;1
Sep 30, 2019;25.74;25.77;25.61;25.61;23.06;1,1
Sep 27, 2019;25.82;25.82;25.63;25.63;23.07;600
Sep 26, 2019;25.54;25.64;25.54;25.64;23.09;700
Sep 25, 2019;25.50;25.57;25.40;25.43;22.90;1,9
Sep 24, 2019;25.79;25.79;25.75;25.75;23.19;3,7
Sep 23, 2019;25.68;25.68;25.68;25.68;23.12;3,2
Sep 20, 2019;26.04;26.04;26.04;26.04;23.45;100
Sep 19, 2019;26.19;26.20;26.04;26.04;23.45;2,4
Sep 18, 2019;26.00;26.00;26.00;26.00;23.41;300
Sep 17, 2019;26.01;26.01;25.99;25.99;23.40;400
Sep 16, 2019;26.06;26.13;25.95;26.04;23.45;9,2
Sep 13, 2019;26.22;26.28;26.22;26.28;23.66;1,7
Sep 12, 2019;25.94;26.12;25.94;26.12;23.52;2,1
Sep 11, 2019;25.78;25.78;25.78;25.78;23.21;400
Sep 10, 2019;25.60;25.60;25.60;25.60;23.06;-
Sep 09, 2019;25.60;25.60;25.60;25.60;23.06;1,2
Sep 06, 2019;25.60;25.60;25.60;25.60;23.05;-
Sep 05, 2019;25.59;25.60;25.39;25.60;23.05;7,8
Sep 04, 2019;25.05;25.25;25.05;25.15;22.65;6,2
Sep 03, 2019;24.89;24.89;24.75;24.86;22.39;1,7
Aug 30, 2019;25.09;25.23;25.04;25.22;22.71;9,8
Aug 29, 2019;24.79;24.86;24.79;24.86;22.38;400
Aug 28, 2019;24.46;24.68;24.46;24.68;22.23;1,5
Aug 27, 2019;24.80;24.85;24.67;24.78;22.31;2,1
Aug 26, 2019;24.62;24.63;24.50;24.54;22.10;5,8
Aug 23, 2019;24.60;24.74;24.60;24.66;22.20;2,5
Aug 22, 2019;24.88;24.88;24.81;24.81;22.34;200
Aug 21, 2019;24.87;24.91;24.87;24.91;22.43;700
Aug 20, 2019;24.58;24.58;24.55;24.55;22.10;1,4
Aug 19, 2019;24.76;24.82;24.69;24.78;22.31;2,7
Aug 16, 2019;24.21;24.37;24.21;24.37;21.94;1,4
Aug 15, 2019;24.09;24.09;24.05;24.08;21.68;2,4
Aug 14, 2019;24.50;24.50;24.15;24.15;21.75;3,9
Aug 13, 2019;24.71;25.06;24.71;25.01;22.52;1,7
Aug 12, 2019;24.94;24.94;24.89;24.89;22.41;700
Aug 09, 2019;24.90;25.15;24.90;25.15;22.65;2,5
Aug 08, 2019;25.04;25.31;25.04;25.07;22.57;2,9
Aug 07, 2019;24.69;24.99;24.68;24.90;22.42;5,5
Aug 06, 2019;24.86;24.98;24.62;24.67;22.21;3,2
Aug 05, 2019;24.82;24.89;24.64;24.64;22.19;4,9
Aug 02, 2019;25.40;25.69;25.40;25.53;22.99;100
Aug 01, 2019;25.40;25.69;25.40;25.53;22.99;1,3
Jul 31, 2019;25.82;25.88;25.27;25.27;22.75;3,5
Jul 30, 2019;25.72;25.83;25.65;25.83;23.26;2,8
Jul 29, 2019;26.34;26.41;26.32;26.41;23.78;3,3
Jul 26, 2019;26.21;26.32;26.13;26.13;23.53;8,4
Jul 25, 2019;26.57;26.60;26.16;26.22;23.61;8,2
Jul 24, 2019;26.55;26.65;26.52;26.52;23.89;1,9
Jul 23, 2019;26.47;26.56;26.47;26.52;23.88;3,2
Jul 22, 2019;26.21;26.26;26.14;26.21;23.60;4,2
Jul 19, 2019;26.13;26.27;26.01;26.27;23.66;5,5
Jul 18, 2019;26.58;26.58;26.58;26.58;23.94;100
Jul 17, 2019;26.58;26.58;26.58;26.58;23.94;100
Jul 16, 2019;26.44;26.58;26.44;26.58;23.94;900
Jul 15, 2019;26.49;26.60;26.49;26.57;23.93;3,7
Jul 12, 2019;26.34;26.34;26.34;26.34;23.72;200
Jul 11, 2019;26.42;26.42;26.42;26.42;23.79;100
Jul 10, 2019;26.64;26.64;26.42;26.52;23.88;1,7
Jul 09, 2019;26.55;26.60;26.50;26.56;23.92;3,3
Jul 08, 2019;26.79;26.79;26.62;26.72;24.06;2,5
Jul 05, 2019;26.92;26.92;26.74;26.74;24.08;1,4
Jul 03, 2019;27.17;27.20;27.08;27.13;24.43;1,7
Jul 02, 2019;26.88;26.89;26.88;26.89;24.21;800
Jul 01, 2019;27.05;27.09;26.85;26.85;24.18;3,6
Jun 28, 2019;26.88;26.88;26.50;26.50;23.86;9,4
Jun 27, 2019;26.69;26.69;26.45;26.45;23.82;2
Jun 26, 2019;27.15;27.15;27.08;27.08;23.77;500
Jun 25, 2019;27.11;27.11;27.04;27.04;23.73;700
Jun 24, 2019;27.23;27.23;27.15;27.15;23.83;700
Jun 21, 2019;27.00;27.18;27.00;27.15;23.82;5
Jun 20, 2019;27.25;27.26;27.16;27.16;23.83;2,8
Jun 19, 2019;26.94;27.00;26.94;26.94;23.64;1,3
Jun 18, 2019;26.87;26.95;26.81;26.82;23.53;1,4
Jun 17, 2019;26.43;26.43;26.43;26.43;23.19;300
Jun 14, 2019;26.36;26.36;26.36;26.36;23.13;100
Jun 13, 2019;26.52;26.66;26.48;26.48;23.24;1,2
Jun 12, 2019;26.78;26.78;26.36;26.69;23.42;600
Jun 11, 2019;26.85;26.89;26.80;26.89;23.59;3
Jun 10, 2019;26.61;26.76;26.61;26.75;23.47;900
Jun 07, 2019;26.55;26.60;26.22;26.54;23.29;5,3
Jun 06, 2019;26.33;26.33;26.33;26.33;23.10;400
Jun 05, 2019;26.12;26.12;26.12;26.12;22.92;100
Jun 04, 2019;26.15;26.17;25.89;26.09;22.89;10,4
Jun 03, 2019;25.66;25.83;25.65;25.83;22.66;10,7
May 31, 2019;25.50;27.19;25.47;27.19;23.86;7
May 30, 2019;25.72;25.92;25.72;25.80;22.64;6,8
May 29, 2019;25.66;25.80;25.37;25.45;22.33;3,8
May 28, 2019;26.17;26.17;26.06;26.10;22.90;1,6
May 24, 2019;26.05;26.05;26.05;26.05;22.86;100
May 23, 2019;26.00;26.06;25.91;26.05;22.86;6,7
May 22, 2019;26.39;26.39;26.39;26.39;23.15;100
May 21, 2019;26.38;26.44;26.38;26.39;23.15;2
May 20, 2019;26.13;26.31;26.13;26.21;23.00;2
May 17, 2019;26.60;26.60;26.57;26.57;23.32;800
May 16, 2019;26.80;26.82;26.80;26.82;23.53;800
May 15, 2019;26.50;26.50;26.50;26.50;23.26;200
May 14, 2019;26.28;26.31;26.28;26.31;23.09;900
May 13, 2019;26.08;26.14;26.06;26.06;22.87;2,5
May 10, 2019;26.49;26.64;26.49;26.64;23.38;900
May 09, 2019;26.31;26.53;26.31;26.53;23.28;3,8
May 08, 2019;26.67;26.76;26.67;26.67;23.41;1,7
May 07, 2019;26.59;26.59;26.35;26.43;23.19;2,3
May 06, 2019;26.58;26.93;26.58;26.92;23.62;5,1
May 03, 2019;27.00;27.21;27.00;27.21;23.88;2,2
May 02, 2019;27.00;27.10;26.89;26.95;23.65;5,9
May 01, 2019;27.23;27.23;27.00;27.00;23.69;1,8
Apr 30, 2019;26.94;27.14;26.94;27.13;23.80;5,2
Apr 29, 2019;26.96;27.00;26.87;26.97;23.67;24,5
Apr 26, 2019;26.91;26.97;26.87;26.97;23.67;11,9
Apr 25, 2019;26.73;26.87;26.73;26.83;23.54;22,2
Apr 24, 2019;26.88;26.98;26.84;26.89;23.60;5,6
Apr 23, 2019;26.79;26.88;26.79;26.88;23.58;900
Apr 22, 2019;27.10;27.10;26.98;26.99;23.68;6,9
Apr 18, 2019;26.86;26.97;26.86;26.97;23.67;5
Apr 17, 2019;26.90;26.95;26.85;26.85;23.56;600
Apr 16, 2019;26.75;26.82;26.75;26.80;23.52;700
Apr 15, 2019;26.57;26.65;26.54;26.65;23.38;2,6
Apr 12, 2019;26.56;26.66;26.50;26.60;23.34;2,4
Apr 11, 2019;26.25;26.32;26.25;26.30;23.08;2,9
Apr 10, 2019;26.32;26.32;26.30;26.30;23.08;400
Apr 09, 2019;26.29;26.29;26.17;26.17;22.96;1,8
Apr 08, 2019;26.51;26.51;26.33;26.34;23.11;1,7
Apr 05, 2019;26.29;26.36;26.29;26.32;23.10;700
Apr 04, 2019;26.38;26.44;26.28;26.34;23.11;9,9
Apr 03, 2019;26.10;26.28;26.10;26.28;23.07;3,5
Apr 02, 2019;25.82;25.84;25.74;25.84;22.67;1,6
Apr 01, 2019;25.71;25.71;25.65;25.66;22.51;76,6
Mar 29, 2019;25.35;25.39;25.21;25.39;22.28;4,7
Mar 28, 2019;25.18;25.29;25.07;25.23;22.14;45,3
Mar 27, 2019;25.09;25.20;25.09;25.18;22.10;2,4
Mar 26, 2019;25.04;25.04;25.04;25.04;21.97;100
Mar 25, 2019;25.20;25.20;25.04;25.04;21.97;1,3
Mar 22, 2019;25.33;25.38;25.12;25.12;22.04;2,6
Mar 21, 2019;25.64;25.67;25.64;25.67;22.53;500
Mar 20, 2019;25.86;25.86;25.83;25.84;22.68;600
Mar 19, 2019;26.17;26.25;26.12;26.15;22.95;1,3
Mar 18, 2019;25.96;25.96;25.81;25.93;22.75;2,4
Mar 15, 2019;25.91;25.91;25.86;25.91;22.73;1,2
Mar 14, 2019;25.71;25.71;25.61;25.66;22.52;2
Mar 13, 2019;25.50;25.65;25.50;25.65;22.51;3,6
Mar 12, 2019;25.56;25.56;25.44;25.45;22.33;2,1
Mar 11, 2019;25.34;25.34;25.33;25.34;22.24;2,5
Mar 08, 2019;25.19;25.19;25.19;25.19;22.11;400
Mar 07, 2019;25.24;25.30;25.23;25.23;22.14;7,4
Mar 06, 2019;25.78;25.78;25.65;25.66;22.52;700
Mar 05, 2019;25.73;25.73;25.70;25.70;22.55;500
Mar 04, 2019;25.91;25.91;25.61;25.70;22.55;2,8
Mar 01, 2019;25.94;25.95;25.85;25.87;22.70;1,3
Feb 28, 2019;25.69;25.73;25.00;25.00;21.94;1,4
Feb 27, 2019;25.67;25.67;25.59;25.61;22.48;1,5
Feb 26, 2019;25.52;25.79;25.52;25.79;22.63;2,1
Feb 25, 2019;25.29;25.29;25.29;25.29;22.19;200
Feb 22, 2019;25.29;25.29;25.29;25.29;22.19;100
Feb 21, 2019;25.28;25.29;25.28;25.29;22.19;700
Feb 20, 2019;25.36;25.43;25.36;25.43;22.32;600
Feb 19, 2019;24.88;25.23;24.88;25.19;22.10;4,4
Feb 15, 2019;24.95;25.00;24.91;25.00;21.94;2,5
Feb 14, 2019;24.45;24.64;24.45;24.60;21.59;1,1
Feb 13, 2019;24.91;24.91;24.68;24.68;21.66;3,3
Feb 12, 2019;24.61;24.76;24.61;24.76;21.73;1,1
Feb 11, 2019;24.24;24.35;24.19;24.32;21.34;1,1
Feb 08, 2019;24.36;24.36;24.19;24.34;21.36;5,2
Feb 07, 2019;24.81;24.81;24.50;24.57;21.56;8
Feb 06, 2019;25.40;25.40;25.40;25.40;22.29;100
Feb 05, 2019;25.23;25.40;25.23;25.40;22.29;1,8
Feb 04, 2019;24.88;25.06;24.84;25.06;21.99;4,6
Feb 01, 2019;25.10;25.10;25.00;25.04;21.97;6,1
Jan 31, 2019;25.03;25.10;25.03;25.10;22.03;700
Jan 30, 2019;25.14;25.14;24.83;25.00;21.94;2,9
Jan 29, 2019;25.13;25.16;25.13;25.16;22.08;1,2
Jan 28, 2019;25.17;25.17;25.17;25.17;22.09;600
Jan 25, 2019;25.08;25.23;25.08;25.16;22.08;4
Jan 24, 2019;24.62;24.72;24.62;24.69;21.67;1,1
Jan 23, 2019;24.87;24.90;24.59;24.67;21.64;7
Jan 22, 2019;24.70;24.70;24.31;24.67;21.64;5,6
Jan 18, 2019;24.98;24.98;24.79;24.98;21.92;2,3
Jan 17, 2019;24.35;24.35;24.35;24.35;21.37;400
Jan 16, 2019;24.46;24.46;24.46;24.46;21.46;100
Jan 15, 2019;24.39;24.45;24.39;24.45;21.45;700
Jan 14, 2019;24.23;24.46;24.18;24.46;21.46;3,4
Jan 11, 2019;24.41;24.43;24.39;24.39;21.40;700
Jan 10, 2019;24.62;24.66;24.40;24.57;21.56;11,2
Jan 09, 2019;24.64;24.73;24.57;24.73;21.70;3
Jan 08, 2019;24.33;24.43;24.23;24.35;21.37;3,6
Jan 07, 2019;24.18;24.18;24.04;24.14;21.18;3,4
Jan 04, 2019;23.58;24.19;23.58;24.19;21.22;2,6
Jan 03, 2019;23.49;23.49;23.21;23.25;20.40;7
Jan 02, 2019;23.52;23.57;23.42;23.55;20.67;3,7
